x_value,total_1,total_2
0,1000,1000
1,995,1002
2,1003,1006
3,1010,1008
4,1005,1010
5,1003,1012
6,1009,1016
7,1010,1015
8,1005,1016
9,1005,1018
10,1012,1015
11,1008,1017
12,1016,1017
13,1017,1014
14,1014,1016
15,1015,1011
16,1014,1011
17,1011,1010
18,1013,1013
19,1015,1016
20,1010,1017
21,1016,1019
22,1019,1023
23,1018,1026
24,1025,1026
25,1033,1027
26,1029,1033
27,1036,1034
28,1040,1038
29,1047,1035
30,1041,1035
31,1046,1038
32,1042,1039
33,1046,1043
34,1052,1043
35,1057,1042
36,1061,1037
37,1063,1038
38,1066,1044
39,1065,1040
40,1064,1037
41,1060,1041
42,1059,1036
43,1055,1036
44,1055,1039
45,1059,1040
46,1053,1039
47,1057,1038
48,1062,1040
49,1061,1041
